URL,Title
https://xn--o39a0n963awza76tu9hduc.com,정수현의 실시간 생생 경마코칭 | 정수현의 경마 분석 연구소
https://xn--o39a0n963awza76tu9hduc.com/data/member_image/bo/bongs.gif,
https://xn--o39a0n963awza76tu9hduc.com/js/jquery-1.12.4.min.js,
https://xn--o39a0n963awza76tu9hduc.com/theme/krpro/assets/css/plugin/jquery.fancybox.css,
https://xn--o39a0n963awza76tu9hduc.com/theme/krpro/assets/images/light-box/fancybox_overlay.png,
https://xn--o39a0n963awza76tu9hduc.com/theme/krpro/assets/images/light-box/blank.gif,
https://xn--o39a0n963awza76tu9hduc.com/theme/krpro/assets/images/light-box/fancybox_loading@2x.gif,
https://xn--o39a0n963awza76tu9hduc.com/theme/krpro/assets/images/light-box/fancybox_sprite.png,
https://xn--o39a0n963awza76tu9hduc.com/theme/krpro/assets/images/light-box/fancybox_sprite@2x.png,
https://xn--o39a0n963awza76tu9hduc.com/img/banner/carousel_10.png,
https://xn--o39a0n963awza76tu9hduc.com/img/icon_memo.png,
https://xn--o39a0n963awza76tu9hduc.com/img/main_title0.png,
https://xn--o39a0n963awza76tu9hduc.com/img/banner/carousel_03.png,
https://xn--o39a0n963awza76tu9hduc.com/theme/krpro/css/default.css,
https://xn--o39a0n963awza76tu9hduc.com/theme/krpro/img/btn_first.gif,
https://xn--o39a0n963awza76tu9hduc.com/theme/krpro/img/btn_next.gif,
https://xn--o39a0n963awza76tu9hduc.com/theme/krpro/img/btn_end.gif,
https://xn--o39a0n963awza76tu9hduc.com/theme/krpro/img/btn_prev.gif,
https://xn--o39a0n963awza76tu9hduc.com/img/captcha2.png,
https://xn--o39a0n963awza76tu9hduc.com/theme/krpro/img/more-btn.gif,
https://xn--o39a0n963awza76tu9hduc.com/theme/krpro/img/require.png,
https://xn--o39a0n963awza76tu9hduc.com/theme/krpro/img/gnb_bg2.gif,
https://xn--o39a0n963awza76tu9hduc.com/theme/krpro/assets/css/ionicons.css,
https://xn--o39a0n963awza76tu9hduc.com/theme/krpro/assets/fonts/ionicons.svg?v=2.0.0#Ionicons,
https://xn--o39a0n963awza76tu9hduc.com/theme/krpro/assets/fonts/ionicons.eot?v=2.0.0,
https://xn--o39a0n963awza76tu9hduc.com/theme/krpro/assets/fonts/ionicons.ttf?v=2.0.0,
https://xn--o39a0n963awza76tu9hduc.com/theme/krpro/assets/fonts/ionicons.woff?v=2.0.0,
https://xn--o39a0n963awza76tu9hduc.com/theme/krpro/assets/fonts/ionicons.eot?v=2.0.0#iefix,
https://xn--o39a0n963awza76tu9hduc.com/data/member_image/as/asdfjkl2918.gif,
https://xn--o39a0n963awza76tu9hduc.com/page/chat,정수현의 실시간 생생 경마코칭 | 정수현의 경마 분석 연구소
https://xn--o39a0n963awza76tu9hduc.com/theme/krpro/assets/css/layers.css,
https://xn--o39a0n963awza76tu9hduc.com/theme/krpro/assets/js/plugin/owl.carousel.js,
https://xn--o39a0n963awza76tu9hduc.com/img/popup/pop_50limit.png,
https://xn--o39a0n963awza76tu9hduc.com/theme/krpro/assets/css/plugin/owl.carousel.css,
https://xn--o39a0n963awza76tu9hduc.com/img/icon_wow_purple.gif,
https://xn--o39a0n963awza76tu9hduc.com/theme/krpro/assets/js/plugin/jquery.mousewheel-3.0.6.pack.js,
https://xn--o39a0n963awza76tu9hduc.com/member/logout/index.html,정수현의 실시간 생생 경마코칭 | 정수현의 경마 분석 연구소
https://xn--o39a0n963awza76tu9hduc.com/member/logout/foutlogin_submit(this.form),정수현의 실시간 생생 경마코칭 | 정수현의 경마 분석 연구소
https://xn--o39a0n963awza76tu9hduc.com/member/logout/location.href='greeting',정수현의 실시간 생생 경마코칭 | 정수현의 경마 분석 연구소
https://xn--o39a0n963awza76tu9hduc.com/data/member_image/ki/kimcorea.gif,
https://xn--o39a0n963awza76tu9hduc.com/theme/krpro/assets/css/plugin/owl.transitions.css,
https://xn--o39a0n963awza76tu9hduc.com/data/member_image/mm/mm7.gif,
https://xn--o39a0n963awza76tu9hduc.com/data/member_image/xx/xx18.gif,
https://xn--o39a0n963awza76tu9hduc.com/js/basic.js,
https://xn--o39a0n963awza76tu9hduc.com/img/banner/carousel_02.png,
https://xn--o39a0n963awza76tu9hduc.com/data/member_image/xx/xx17.gif,
https://xn--o39a0n963awza76tu9hduc.com/member/logout/alert('분석가%20전용입니다.'),정수현의 실시간 생생 경마코칭 | 정수현의 경마 분석 연구소
https://xn--o39a0n963awza76tu9hduc.com/data/member_image/rr/rrr.gif,
https://xn--o39a0n963awza76tu9hduc.com/data/member_image/xx/xx3.gif,
https://xn--o39a0n963awza76tu9hduc.com/theme/krpro/assets/js/plugin/jquery.fancybox.pack.js,
https://xn--o39a0n963awza76tu9hduc.com/data/member_image/jk/jkh512.gif,
https://xn--o39a0n963awza76tu9hduc.com/theme/krpro/assets/css/font-awesome.css,
https://xn--o39a0n963awza76tu9hduc.com/theme/krpro/assets/fonts/fontawesome-webfont.woff?v=4.5.0,
https://xn--o39a0n963awza76tu9hduc.com/theme/krpro/assets/fonts/fontawesome-webfont.svg?v=4.5.0#fontawesomeregular,
https://xn--o39a0n963awza76tu9hduc.com/theme/krpro/assets/fonts/fontawesome-webfont.eot?v=4.5.0,
https://xn--o39a0n963awza76tu9hduc.com/theme/krpro/assets/fonts/fontawesome-webfont.ttf?v=4.5.0,
https://xn--o39a0n963awza76tu9hduc.com/theme/krpro/assets/fonts/fontawesome-webfont.woff2?v=4.5.0,
https://xn--o39a0n963awza76tu9hduc.com/theme/krpro/assets/fonts/fontawesome-webfont.eot#iefix&amp;v=4.5.0,
https://xn--o39a0n963awza76tu9hduc.com/member/logout/notice/1422,정수현의 실시간 생생 경마코칭 | 정수현의 경마 분석 연구소
https://xn--o39a0n963awza76tu9hduc.com/member/logout/notice/modal_alert_membership_family('1'),정수현의 실시간 생생 경마코칭 | 정수현의 경마 분석 연구소
https://xn--o39a0n963awza76tu9hduc.com/member/logout/notice/alert('분석가%20전용입니다.'),정수현의 실시간 생생 경마코칭 | 정수현의 경마 분석 연구소
https://xn--o39a0n963awza76tu9hduc.com/member/logout/notice/alert('분석가%20전용입니다.')#container,정수현의 실시간 생생 경마코칭 | 정수현의 경마 분석 연구소
https://xn--o39a0n963awza76tu9hduc.com/member/logout/notice/location.href='review',정수현의 실시간 생생 경마코칭 | 정수현의 경마 분석 연구소
https://xn--o39a0n963awza76tu9hduc.com/js/common.js,
https://xn--o39a0n963awza76tu9hduc.com/data/member_image/kb/kbk0486.gif,
https://xn--o39a0n963awza76tu9hduc.com/img/t_logo.png,
https://xn--o39a0n963awza76tu9hduc.com/data/member_image/mm/mm2.gif,
https://xn--o39a0n963awza76tu9hduc.com/theme/krpro/assets/css/design.css,
https://xn--o39a0n963awza76tu9hduc.com/img/favicon.ico,
https://xn--o39a0n963awza76tu9hduc.com/js/wrest.js,
https://xn--o39a0n963awza76tu9hduc.com/member/logout/notice/page/chat,정수현의 실시간 생생 경마코칭 | 정수현의 경마 분석 연구소
https://xn--o39a0n963awza76tu9hduc.com/data/member_image/mo/moneypak.gif,
https://xn--o39a0n963awza76tu9hduc.com/css/wing_common.css,
https://xn--o39a0n963awza76tu9hduc.com/member/logout/notice/popWindowClose(),정수현의 실시간 생생 경마코칭 | 정수현의 경마 분석 연구소
https://xn--o39a0n963awza76tu9hduc.com/img/banner/carousel_11.png,
https://xn--o39a0n963awza76tu9hduc.com/data/member_image/mm/mm1.gif,
https://xn--o39a0n963awza76tu9hduc.com/img/kakaotalk.jpg,
https://xn--o39a0n963awza76tu9hduc.com/img/banner/carousel_05.png,
https://xn--o39a0n963awza76tu9hduc.com/data/member_image/co/conan.gif,
https://xn--o39a0n963awza76tu9hduc.com/theme/krpro/assets/css/settings.css,
https://xn--o39a0n963awza76tu9hduc.com/theme/krpro/assets/css/bootstrap.css,
https://xn--o39a0n963awza76tu9hduc.com/data/member_image/xx/xx19.gif,
https://xn--o39a0n963awza76tu9hduc.com/member/logout/notice/location.href='notice',정수현의 실시간 생생 경마코칭 | 정수현의 경마 분석 연구소
https://xn--o39a0n963awza76tu9hduc.com/data/member_image/xx/xx15.gif,
https://xn--o39a0n963awza76tu9hduc.com/img/banner/carousel_07.png,
https://xn--o39a0n963awza76tu9hduc.com/member/logout/notice/notice/1421,정수현의 실시간 생생 경마코칭 | 정수현의 경마 분석 연구소
https://xn--o39a0n963awza76tu9hduc.com/theme/krpro/assets/css/style.css,
https://xn--o39a0n963awza76tu9hduc.com/js/jquery.menu.js,
https://xn--o39a0n963awza76tu9hduc.com/img/title_mapae.png,
https://xn--o39a0n963awza76tu9hduc.com/member/logout/notice/alert('로그인%20후%20구매%20가능합니다.'),정수현의 실시간 생생 경마코칭 | 정수현의 경마 분석 연구소
https://xn--o39a0n963awza76tu9hduc.com/img/banner/carousel_09.png,
https://xn--o39a0n963awza76tu9hduc.com/data/member_image/a5/a5549.gif,
https://xn--o39a0n963awza76tu9hduc.com/img/banner/carousel_01.png,
https://xn--o39a0n963awza76tu9hduc.com/img/kakaotalk_chnnel.jpg,
https://xn--o39a0n963awza76tu9hduc.com/data/member_image/kj/kjkdy.gif,
https://xn--o39a0n963awza76tu9hduc.com/theme/krpro/assets/css/theme-color/default.css,
https://xn--o39a0n963awza76tu9hduc.com/member/logout/notice/notice/1422,정수현의 실시간 생생 경마코칭 | 정수현의 경마 분석 연구소
https://xn--o39a0n963awza76tu9hduc.com/js/placeholders.min.js,
https://xn--o39a0n963awza76tu9hduc.com/data/member_image/jb/jbjhell.gif,
https://xn--o39a0n963awza76tu9hduc.com/data/member_image/xx/xx7.gif,
https://xn--o39a0n963awza76tu9hduc.com/theme/krpro/skin/latest/youtube_list/style.css,
https://xn--o39a0n963awza76tu9hduc.com/img/close_icon.png,
https://xn--o39a0n963awza76tu9hduc.com/data/member_image/ki/king92926.gif,
https://xn--o39a0n963awza76tu9hduc.com/member/logout/notice/location.href='page/result',정수현의 실시간 생생 경마코칭 | 정수현의 경마 분석 연구소
https://xn--o39a0n963awza76tu9hduc.com/data/member_image/ly/lycaon.gif,
https://xn--o39a0n963awza76tu9hduc.com/js/jquery-ui-1.12.1.js,
https://xn--o39a0n963awza76tu9hduc.com/data/member_image/mm/mm6.gif,
https://xn--o39a0n963awza76tu9hduc.com/img/banner/carousel_06.png,
https://xn--o39a0n963awza76tu9hduc.com/data/member_image/xx/xx10.gif,
https://xn--o39a0n963awza76tu9hduc.com/data/member_image/mm/mm4.gif,
https://xn--o39a0n963awza76tu9hduc.com/data/member_image/ch/chao.gif,
https://xn--o39a0n963awza76tu9hduc.com/data/member_image/mm/mm3.gif,
https://xn--o39a0n963awza76tu9hduc.com/member/mypage/index.html,로그인 | 정수현의 경마 분석 연구소
https://xn--o39a0n963awza76tu9hduc.com/data/member_image/rg/rgio.gif,
https://xn--o39a0n963awza76tu9hduc.com/js/data.js,
https://xn--o39a0n963awza76tu9hduc.com/js/jquery-migrate-1.4.1.min.js,
https://xn--o39a0n963awza76tu9hduc.com/member/logout/notice/location.href='greeting',정수현의 실시간 생생 경마코칭 | 정수현의 경마 분석 연구소
https://xn--o39a0n963awza76tu9hduc.com/img/banner/main_visual_link.gif,
https://xn--o39a0n963awza76tu9hduc.com/css/data_main.css,
https://xn--o39a0n963awza76tu9hduc.com/theme/krpro/assets/js/plugin/jquery.easing.js,
https://xn--o39a0n963awza76tu9hduc.com/member/join/index.html,회원가입약관 | 정수현의 경마 분석 연구소
https://xn--o39a0n963awza76tu9hduc.com/member/logout/notice/foutlogin_submit(this.form),정수현의 실시간 생생 경마코칭 | 정수현의 경마 분석 연구소
https://xn--o39a0n963awza76tu9hduc.com/theme/krpro/assets/js/bootstrap.min.js,
https://xn--o39a0n963awza76tu9hduc.com/img/banner/carousel_04.png,
https://xn--o39a0n963awza76tu9hduc.com/img/banner/carousel_08.png,
https://xn--o39a0n963awza76tu9hduc.com/js/font-awesome/css/font-awesome.min.css,
https://xn--o39a0n963awza76tu9hduc.com/img/banner/carousel_12.png,
https://xn--o39a0n963awza76tu9hduc.com/member/logout/notice/modal_alert_membership_family('1')#container,정수현의 실시간 생생 경마코칭 | 정수현의 경마 분석 연구소
https://xn--o39a0n963awza76tu9hduc.com/member/logout/notice/1422#container,정수현의 실시간 생생 경마코칭 | 정수현의 경마 분석 연구소
https://xn--o39a0n963awza76tu9hduc.com/member/logout/location.href='page/result',정수현의 실시간 생생 경마코칭 | 정수현의 경마 분석 연구소
https://xn--o39a0n963awza76tu9hduc.com/member/logout/location.href='page/popWindowClose(),정수현의 실시간 생생 경마코칭 | 정수현의 경마 분석 연구소
https://xn--o39a0n963awza76tu9hduc.com/member/logout/location.href='page/popWindowClose()#container,정수현의 실시간 생생 경마코칭 | 정수현의 경마 분석 연구소
https://xn--o39a0n963awza76tu9hduc.com/member/logout/location.href='page/location.href='page/result',정수현의 실시간 생생 경마코칭 | 정수현의 경마 분석 연구소
https://xn--o39a0n963awza76tu9hduc.com/member/logout/location.href='page/location.href='page/location.href='notice',정수현의 실시간 생생 경마코칭 | 정수현의 경마 분석 연구소
https://xn--o39a0n963awza76tu9hduc.com/member/logout/location.href='page/location.href='page/notice/1421,정수현의 실시간 생생 경마코칭 | 정수현의 경마 분석 연구소
https://xn--o39a0n963awza76tu9hduc.com/member/logout/location.href='page/location.href='page/result'#container,정수현의 실시간 생생 경마코칭 | 정수현의 경마 분석 연구소
https://xn--o39a0n963awza76tu9hduc.com/member/logout/location.href='page/location.href='page/location.href='page/result',정수현의 실시간 생생 경마코칭 | 정수현의 경마 분석 연구소
https://xn--o39a0n963awza76tu9hduc.com/member/logout/location.href='page/location.href='page/alert('분석가%20전용입니다.'),정수현의 실시간 생생 경마코칭 | 정수현의 경마 분석 연구소
https://xn--o39a0n963awza76tu9hduc.com/member/logout/location.href='page/location.href='page/alert('로그인%20후%20구매%20가능합니다.'),정수현의 실시간 생생 경마코칭 | 정수현의 경마 분석 연구소
https://xn--o39a0n963awza76tu9hduc.com/member/logout/location.href='page/location.href='page/location.href='review',정수현의 실시간 생생 경마코칭 | 정수현의 경마 분석 연구소
https://xn--o39a0n963awza76tu9hduc.com/member/logout/location.href='page/location.href='page/location.href='greeting',정수현의 실시간 생생 경마코칭 | 정수현의 경마 분석 연구소
https://xn--o39a0n963awza76tu9hduc.com/member/logout/location.href='page/location.href='page/foutlogin_submit(this.form),정수현의 실시간 생생 경마코칭 | 정수현의 경마 분석 연구소
https://xn--o39a0n963awza76tu9hduc.com/member/logout/location.href='page/location.href='page/notice/1422,정수현의 실시간 생생 경마코칭 | 정수현의 경마 분석 연구소
https://xn--o39a0n963awza76tu9hduc.com/member/logout/location.href='page/location.href='page/popWindowClose(),정수현의 실시간 생생 경마코칭 | 정수현의 경마 분석 연구소
https://xn--o39a0n963awza76tu9hduc.com/member/logout/location.href='page/location.href='page/modal_alert_membership_family('1'),정수현의 실시간 생생 경마코칭 | 정수현의 경마 분석 연구소
https://xn--o39a0n963awza76tu9hduc.com/member/logout/location.href='page/location.href='page/page/chat,정수현의 실시간 생생 경마코칭 | 정수현의 경마 분석 연구소
https://xn--o39a0n963awza76tu9hduc.com/member/logout/location.href='page/foutlogin_submit(this.form),정수현의 실시간 생생 경마코칭 | 정수현의 경마 분석 연구소
https://xn--o39a0n963awza76tu9hduc.com/member/logout/location.href='page/location.href='review',정수현의 실시간 생생 경마코칭 | 정수현의 경마 분석 연구소
https://xn--o39a0n963awza76tu9hduc.com/member/logout/location.href='page/location.href='notice',정수현의 실시간 생생 경마코칭 | 정수현의 경마 분석 연구소
https://xn--o39a0n963awza76tu9hduc.com/member/logout/location.href='page/page/chat,정수현의 실시간 생생 경마코칭 | 정수현의 경마 분석 연구소
https://xn--o39a0n963awza76tu9hduc.com/member/logout/location.href='page/notice/1422,정수현의 실시간 생생 경마코칭 | 정수현의 경마 분석 연구소
https://xn--o39a0n963awza76tu9hduc.com/member/logout/location.href='page/alert('분석가%20전용입니다.'),정수현의 실시간 생생 경마코칭 | 정수현의 경마 분석 연구소
https://xn--o39a0n963awza76tu9hduc.com/member/logout/location.href='page/modal_alert_membership_family('1'),정수현의 실시간 생생 경마코칭 | 정수현의 경마 분석 연구소
https://xn--o39a0n963awza76tu9hduc.com/member/logout/location.href='page/notice/1421,정수현의 실시간 생생 경마코칭 | 정수현의 경마 분석 연구소
https://xn--o39a0n963awza76tu9hduc.com/member/logout/location.href='page/location.href='greeting',정수현의 실시간 생생 경마코칭 | 정수현의 경마 분석 연구소
https://xn--o39a0n963awza76tu9hduc.com/member/logout/location.href='page/alert('로그인%20후%20구매%20가능합니다.'),정수현의 실시간 생생 경마코칭 | 정수현의 경마 분석 연구소
https://xn--o39a0n963awza76tu9hduc.com/member/logout/location.href='page/foutlogin_submit(this.form)#container,정수현의 실시간 생생 경마코칭 | 정수현의 경마 분석 연구소
https://xn--o39a0n963awza76tu9hduc.com/member/logout/location.href='page/result'#container,정수현의 실시간 생생 경마코칭 | 정수현의 경마 분석 연구소
https://xn--o39a0n963awza76tu9hduc.com/member/logout/alert('로그인%20후%20구매%20가능합니다.'),정수현의 실시간 생생 경마코칭 | 정수현의 경마 분석 연구소
https://xn--o39a0n963awza76tu9hduc.com/member/logout/location.href='review',정수현의 실시간 생생 경마코칭 | 정수현의 경마 분석 연구소
https://xn--o39a0n963awza76tu9hduc.com/member/logout/location.href='review'#container,정수현의 실시간 생생 경마코칭 | 정수현의 경마 분석 연구소
https://xn--o39a0n963awza76tu9hduc.com/member/logout/modal_alert_membership_family('1'),정수현의 실시간 생생 경마코칭 | 정수현의 경마 분석 연구소
https://xn--o39a0n963awza76tu9hduc.com/member/logout/modal_alert_membership_family('1')#container,정수현의 실시간 생생 경마코칭 | 정수현의 경마 분석 연구소
https://xn--o39a0n963awza76tu9hduc.com/member/logout/popWindowClose(),정수현의 실시간 생생 경마코칭 | 정수현의 경마 분석 연구소
https://xn--o39a0n963awza76tu9hduc.com/member/logout/page/chat,정수현의 실시간 생생 경마코칭 | 정수현의 경마 분석 연구소
https://xn--o39a0n963awza76tu9hduc.com/member/logout/location.href='notice',정수현의 실시간 생생 경마코칭 | 정수현의 경마 분석 연구소
https://xn--o39a0n963awza76tu9hduc.com/member/logout/notice/1421,정수현의 실시간 생생 경마코칭 | 정수현의 경마 분석 연구소
https://xn--o39a0n963awza76tu9hduc.com/member/logout/alert('로그인%20후%20구매%20가능합니다.')#container,정수현의 실시간 생생 경마코칭 | 정수현의 경마 분석 연구소
https://xn--o39a0n963awza76tu9hduc.com/member/logout/alert('분석가%20전용입니다.')#container,정수현의 실시간 생생 경마코칭 | 정수현의 경마 분석 연구소
https://xn--o39a0n963awza76tu9hduc.com/member/logout/location.href='greeting'#container,정수현의 실시간 생생 경마코칭 | 정수현의 경마 분석 연구소
https://xn--o39a0n963awza76tu9hduc.com/member/logout/foutlogin_submit(this.form)#container,정수현의 실시간 생생 경마코칭 | 정수현의 경마 분석 연구소
https://xn--o39a0n963awza76tu9hduc.com/member/logout/index.html#container,정수현의 실시간 생생 경마코칭 | 정수현의 경마 분석 연구소
https://xn--o39a0n963awza76tu9hduc.com/css/data3.css,
https://xn--o39a0n963awza76tu9hduc.com/img/sch_btn.png,
https://xn--o39a0n963awza76tu9hduc.com/img/btn_selectbox.png,
https://xn--o39a0n963awza76tu9hduc.com/img/btn_next.gif,
https://xn--o39a0n963awza76tu9hduc.com/img/btn_prev.gif,
https://xn--o39a0n963awza76tu9hduc.com/img/wrest.gif,
https://xn--o39a0n963awza76tu9hduc.com/img/icon_wow_yellow.gif,
https://xn--o39a0n963awza76tu9hduc.com/member/point/index.html,정수현의 경마 분석 연구소
https://xn--o39a0n963awza76tu9hduc.com/page/chat_form.php?rcDate=20251018&meet=서울&rcNo=1,정수현의 경마코칭 | 정수현의 경마 분석 연구소
https://xn--o39a0n963awza76tu9hduc.com/css/data.chat.css,
https://xn--o39a0n963awza76tu9hduc.com/img/emoticon/icon_squib.png,
https://xn--o39a0n963awza76tu9hduc.com/img/icon_megaphone.gif,
https://xn--o39a0n963awza76tu9hduc.com/analysis/analysis.js,
https://xn--o39a0n963awza76tu9hduc.com/notice/1422,정수현의 경마 분석 연구소
https://xn--o39a0n963awza76tu9hduc.com/data/editor/2504/thumb-fc52e5fedb0e829f93d43fe92ec588eb_1746001292_2473_835x585.png,
https://xn--o39a0n963awza76tu9hduc.com/theme/krpro/skin/board/cb_basic/style.css,
https://xn--o39a0n963awza76tu9hduc.com/theme/krpro/skin/board/cb_basic/img/icon_bad.png,
https://xn--o39a0n963awza76tu9hduc.com/theme/krpro/skin/board/cb_basic/img/icon_comment.png,
https://xn--o39a0n963awza76tu9hduc.com/theme/krpro/skin/board/cb_basic/img/close_btn.png,
https://xn--o39a0n963awza76tu9hduc.com/theme/krpro/skin/board/cb_basic/img/icon_good.png,
https://xn--o39a0n963awza76tu9hduc.com/theme/krpro/skin/board/cb_basic/img/icon_view.png,
https://xn--o39a0n963awza76tu9hduc.com/bbs/board.php,이용안내 페이지 | 정수현의 경마 분석 연구소
https://xn--o39a0n963awza76tu9hduc.com/img/banner/quick_banner_inquire.png,
https://xn--o39a0n963awza76tu9hduc.com/data/editor/2504/3764c592babe7dc0195a4c1d8eec65ec_1746001449_5518.gif,
https://xn--o39a0n963awza76tu9hduc.com/img/banner/sub_visual_link.gif,
https://xn--o39a0n963awza76tu9hduc.com/bbs/view_image.php,이미지 크게보기 | 정수현의 경마 분석 연구소
https://xn--o39a0n963awza76tu9hduc.com/js/md5.js,
https://xn--o39a0n963awza76tu9hduc.com/js/viewimageresize.js,
https://xn--o39a0n963awza76tu9hduc.com/notice/1422#container,정수현의 경마 분석 연구소
https://xn--o39a0n963awza76tu9hduc.com/data/editor/2504/fc52e5fedb0e829f93d43fe92ec588eb_1746003018_2284.PNG,
https://xn--o39a0n963awza76tu9hduc.com#container,정수현의 실시간 생생 경마코칭 | 정수현의 경마 분석 연구소
https://xn--o39a0n963awza76tu9hduc.com/notice/1421,정수현의 경마 분석 연구소
https://xn--o39a0n963awza76tu9hduc.com/data/editor/2505/71c22328ee8477a073cbb644eb6799c6_1746076641_3182.png,
https://xn--o39a0n963awza76tu9hduc.com/data/editor/2504/thumb-ebd863e9fe48b5e560b352ccbc32428d_1745312275_5984_835x473.png,
https://xn--o39a0n963awza76tu9hduc.com/data/editor/2504/fc52e5fedb0e829f93d43fe92ec588eb_1746001548_698.png,
https://xn--o39a0n963awza76tu9hduc.com/data/editor/2504/thumb-fc52e5fedb0e829f93d43fe92ec588eb_1746002752_7905_835x301.png,
https://xn--o39a0n963awza76tu9hduc.com/notice/1421#container,정수현의 경마 분석 연구소
https://xn--o39a0n963awza76tu9hduc.com/data/editor/2504/fc52e5fedb0e829f93d43fe92ec588eb_1746003340_3631.PNG,
